17228,노보텔 사이공 센터,https://www.agoda.co.kr/novotel-saigon-centre-hotel/hotel/ho-chi-minh-city-vn.html
17409,Tia Wellness resort,https://www.agoda.co.kr/fusion-maia-resort-all-spa-inclusive/hotel/da-nang-vn.html
17566,카라벨 사이공,https://www.agoda.co.kr/caravelle-saigon-hotel/hotel/ho-chi-minh-city-vn.html
17575,인터컨티넨탈 사이공 IHG 호텔,https://www.agoda.co.kr/intercontinental-saigon/hotel/ho-chi-minh-city-vn.html
17583,달랏 팰리스 헤리티지 호텔,https://www.agoda.co.kr/dalat-palace-heritage-hotel/hotel/dalat-vn.html
17834,Sheraton Nha Trang Hotel & Spa,https://www.agoda.co.kr/sheraton-nha-trang-hotel-spa/hotel/nha-trang-vn.html
17838,쉐라톤 하노이 호텔,https://www.agoda.co.kr/sheraton-hanoi-hotel/hotel/hanoi-vn.html
18097,포시즌스 리조트 더 남 하이 호이안 베트남,https://www.agoda.co.kr/four-seasons-resort-the-nam-hai-hoi-an-vietnam/hotel/hoi-an-vn.html
18383,인터컨티넨탈 하노이 웨스트레이크 IHG 호텔,https://www.agoda.co.kr/intercontinental-hanoi-westlake/hotel/hanoi-vn.html
18586,Vinpearl Luxury Da Nang,https://www.agoda.co.kr/vinpearl-luxury-nha-trang/hotel/nha-trang-vn.html
18701,Pullman Danang Beach Resort,https://www.agoda.co.kr/pullman-danang-beach-resort/hotel/da-nang-vn.html
18922,FURAMA RESORT DANANG,https://www.agoda.co.kr/furama-resort-danang/hotel/da-nang-vn.html
18925,Hyatt Regency Danang Resort and Spa,https://www.agoda.co.kr/hyatt-regency-danang-resort-and-spa/hotel/da-nang-vn.html
18984,호텔 니코 사이공,https://www.agoda.co.kr/hotel-nikko-saigon/hotel/ho-chi-minh-city-vn.html
19008,노보텔 나트랑,https://www.agoda.co.kr/novotel-nha-trang-hotel/hotel/nha-trang-vn.html
19146,롯데 호텔 사이공,https://www.agoda.co.kr/lotte-legend-hotel-saigon/hotel/ho-chi-minh-city-vn.html
19155,NOVOTEL DANANG PREMIER HAN RIVER,https://www.agoda.co.kr/novotel-danang-premier-han-river/hotel/da-nang-vn.html
19156,Intercontinental Danag sun peninsula resort,https://www.agoda.co.kr/intercontinental-danang-sun-peninsula-resort/hotel/da-nang-vn.html
19168,Brilliant Hotel Danang,https://www.agoda.co.kr/brilliant-hotel-danang/hotel/da-nang-vn.html
19264,소피텔 레전드 메트로폴 하노이,https://www.agoda.co.kr/sofitel-legend-metropole-hanoi-hotel/hotel/hanoi-vn.html
19286,Somerset Grand Hanoi ,https://www.agoda.co.kr/somerset-grand-hanoi-serviced-residences/hotel/hanoi-vn.html
19300,하노이 대우 호텔,https://www.agoda.co.kr/hanoi-daewoo-hotel/hotel/hanoi-vn.html
19402,뉴 월드 사이공 호텔,https://www.agoda.co.kr/new-world-saigon-hotel/hotel/ho-chi-minh-city-vn.html
19921,BEL MARINA HOI AN RESORT,https://www.agoda.co.kr/hoi-an-silk-marina-resort-and-spa/hotel/hoi-an-vn.html
20437,시타딘 베이프런트 나트랑,https://www.agoda.co.kr/citadines-bayfront-nha-trang/hotel/nha-trang-vn.html
20662,사노우바 다낭 호텔,https://www.agoda.co.kr/sanouva-danang-hotel/hotel/da-nang-vn.html
21505,AMIANA RESORT NHA TRANG,https://www.agoda.co.kr/amiana-resort-and-villas-nha-trang/hotel/nha-trang-vn.html
22892,La Siesta Hoi An Resort & Spa,https://www.agoda.co.kr/la-siesta-hoi-an-resort-spa/hotel/hoi-an-vn.html
23201,멜리아 다낭 비치 리조트,https://www.agoda.co.kr/melia-danang-resort_2/hotel/da-nang-vn.html
23510,알마니티 호이 안 웰니스 리조트,https://www.agoda.co.kr/almanity-hoi-an-wellness-resort-spa-inclusive/hotel/hoi-an-vn.html
24208,안 리트리트 리조트 & 스파 (구.호이안 리버 타운 호텔),https://www.agoda.co.kr/hoi-an-river-town-hotel/hotel/hoi-an-vn.html
29160,BANYAN TREE LANG CO,https://www.agoda.co.kr/banyan-tree-lang-co/hotel/hue-vn.html
32065,빈펄 디스커버리 원더월드 푸꾸옥,https://www.agoda.co.kr/vinpearl-discovery-1-phu-quoc_5/hotel/phu-quoc-island-vn.html
32068,빈펄 디스커버리 코스탈랜드 푸꾸옥,https://www.agoda.co.kr/vinpearl-discovery-2-phu-quoc_2/hotel/phu-quoc-island-vn.html
38817,이비스 스타일스 나트랑,https://www.agoda.co.kr/ibis-styles-nha-trang/hotel/nha-trang-vn.html
41344,프리미어 빌리지 다낭 리조트 매니지드 바이 아코르,https://www.agoda.co.kr/premier-village-danang-resort-managed-by-accor-hotels/hotel/da-nang-vn.html
41768,퓨전 스위트 다낭 비치 호텔,https://www.agoda.co.kr/fusion-suites-danang-beach/hotel/da-nang-vn.html
41893,라이즈마운트 프리미어 리조트 다낭,https://www.agoda.co.kr/risemount-resort-danang/hotel/da-nang-vn.html
42469,노보텔 푸꾸옥 리조트,https://www.agoda.co.kr/novotel-phu-quoc-resort/hotel/phu-quoc-island-vn.html
43922,하노이 라 시에스타 호텔 트렌디,https://www.agoda.co.kr/hanoi-la-siesta-hotel-and-spa/hotel/hanoi-vn.html
44300,Angsana Lang Co,https://www.agoda.co.kr/angsana-lang-co/hotel/hue-vn.html
45342,풀먼 사이공 센터,https://www.agoda.co.kr/pullman-saigon-centre-hotel/hotel/ho-chi-minh-city-vn.html
65643,안람 리트리트 사이공 리버,https://www.agoda.co.kr/an-lam-retreats-saigon-river/hotel/thu-n-an-vn.html
65796,LOTTE HOTEL HANOI,https://www.agoda.co.kr/lotte-hotel-hanoi/hotel/hanoi-vn.html
65942,리버티 센트럴 사이공 시티포인트,https://www.agoda.co.kr/liberty-central-saigon-citypoint-hotel/hotel/ho-chi-minh-city-vn.html
66731,Intercontinenta Phu Quoc Long Beach Resort,https://www.agoda.co.kr/intercontinental-phu-quoc-long-beach-resort/hotel/phu-quoc-island-vn.html
66876,이스틴 그랜드 호텔 사이공,https://www.agoda.co.kr/eastin-grand-hotel-saigon/hotel/ho-chi-minh-city-vn.html
80544,빈펄 럭셔리 나트랑,https://www.agoda.co.kr/vinpearl-luxury-nha-trang/hotel/nha-trang-vn.html
83747,미아 리조트 냐짱,https://www.agoda.co.kr/mia-resort-nha-trang/hotel/nha-trang-vn.html
84155,JW 메리어트 호텔 하노이,https://www.agoda.co.kr/jw-marriott-hotel-hanoi/hotel/hanoi-vn.html
84324,GK 센트럴 호텔,https://www.agoda.co.kr/gk-central-hotel/hotel/ho-chi-minh-city-vn.html
85052,나만 리트리트,https://www.agoda.co.kr/naman-retreat-resort/hotel/da-nang-vn.html
107168,InterContinental Nha Trang ,https://www.agoda.co.kr/intercontinental-nha-trang/hotel/nha-trang-vn.html
107430,Vinpearl Resort & Spa Nha Trang Bay,https://www.agoda.co.kr/vinpearl-resort-spa-nha-trang-bay/hotel/nha-trang-vn.html
107834,Fusion Resort Cam Ranh,https://www.agoda.co.kr/fusion-resort-cam-ranh-all-spa-inclusive_2/hotel/nha-trang-vn.html
108313,The Anam,https://www.agoda.co.kr/the-anam_4/hotel/nha-trang-vn.html
108807,멀버리 컬렉션 실크 빌리지,https://www.agoda.co.kr/hoi-an-silk-village-resort-spa/hotel/hoi-an-vn.html
116136,빈펄 리조트 & 스파 하롱,https://www.agoda.co.kr/vinpearl-resort-spa-h-long/hotel/halong-vn.html
121912,JW Marriott Phu Quoc Emerald Bay Resort & Spa,https://www.agoda.co.kr/jw-marriott-phu-quoc-emerald-bay-resort-spa/hotel/phu-quoc-island-vn.html
126976,더 라이트 호텔,https://www.agoda.co.kr/the-light-hotel/hotel/hanoi-vn.html
128133,퓨전 리조트 푸꾸옥,https://www.agoda.co.kr/fusion-resort-phu-quoc-all-spa-inclusive/hotel/phu-quoc-island-vn.html
132633,이비스 사이공 에어포트,https://www.agoda.co.kr/ibis-saigon-airport_2/hotel/ho-chi-minh-city-vn.html
133918,하바나 나트랑 호텔 (구.프리미어 하바나 호텔),https://www.agoda.co.kr/havana-nha-trang-hotel/hotel/nha-trang-vn.html
134333,Vinpearl Resort & Spa Da Nang,https://www.agoda.co.kr/vinpearl-resort-spa-da-nang/hotel/da-nang-vn.html
142100,Hilton Da Nang,https://www.agoda.co.kr/hilton-da-nang_6/hotel/da-nang-vn.html
142216,씨셸스 호텔 & 스파 푸꾸옥,https://www.agoda.co.kr/seashells-phu-quoc-hotel-spa/hotel/phu-quoc-island-vn.html
143246,Satya Da Nang Hotel,https://www.agoda.co.kr/satya-da-nang-hotel/hotel/da-nang-vn.html
144698,뉴 오리엔트 호텔 다낭,https://www.agoda.co.kr/new-orient-hotel-da-nang/hotel/da-nang-vn.html
149106,Sheraton Grand Danang Resort,https://www.agoda.co.kr/sheraton-grand-danang-resort/hotel/da-nang-vn.html
156358,멜리아 빈펄 리조트 & 스파 롱 비치 나트랑,https://www.agoda.co.kr/vinpearl-resort-spa-long-beach-nha-trang/hotel/nha-trang-vn.html
156471,Meliá Vinpearl Danang Riverfront,https://www.agoda.co.kr/vinpearl-condotel-riverfront-da-nang/hotel/da-nang-vn.html
156472,TMS Hotel Da Nang Beach,https://www.agoda.co.kr/tms-hotel-da-nang-beach/hotel/da-nang-vn.html
156473,Four Points by Sheraton Danang,https://www.agoda.co.kr/four-points-by-sheraton-danang/hotel/da-nang-vn.html
172951,프리미어 빌리지 푸꾸옥 리조트 매니지드 바이 아코르호텔,https://www.agoda.co.kr/premier-village-phu-quoc-resort-managed-by-accorhotels/hotel/phu-quoc-island-vn.html
172965,빈오아시스 푸꾸옥,https://www.agoda.co.kr/vinoasis-phu-quoc-resort_3/hotel/phu-quoc-island-vn.html
173133,빈펄 리조트 & 골프 남 호이안,https://www.agoda.co.kr/vinpearl-resort-golf-nam-hoi-an/hotel/hoi-an-vn.html
176848,네이비 호텔 캄란,https://www.agoda.co.kr/nature-hotel_2/hotel/hanoi-vn.html
176879,모조 인 부티크,https://www.agoda.co.kr/mojzo-inn_2/hotel/nha-trang-vn.html
198241,살라 다낭 비치 호텔,https://www.agoda.co.kr/sala-danang-beach-hotel/hotel/da-nang-vn.html
202460,오텔 드 라 쿠폴 - 엠갤러리 바이 소피텔,https://www.agoda.co.kr/hotel-de-la-coupole-mgallery-by-sofitel/hotel/sapa-vn.html
209235,Sel de Mer Hotel & Suites,https://www.agoda.co.kr/sel-de-mer-hotel-suites_2/hotel/da-nang-vn.html
210726,풀먼 푸꾸옥 비치 리조트,https://www.agoda.co.kr/pullman-phu-quoc/hotel/phu-quoc-island-vn.html
213632,비르고 호텔,https://www.agoda.co.kr/virgo-hotel/hotel/nha-trang-vn.html
213641,레 모레 호텔,https://www.agoda.co.kr/le-more-hotel-h31468580/hotel/nha-trang-vn.html
213648,미아 사이공 럭셔리 부티크 호텔,https://www.agoda.co.kr/mia-sai-gon/hotel/ho-chi-minh-city-vn.html
213649,빈펄 럭셔리 랜드마크 81,https://www.agoda.co.kr/vinpearl-landmark-81-autograph-collection/hotel/ho-chi-minh-city-vn.html
213675,MÖVENPICK RESORT CAM RANH,https://www.agoda.co.kr/movenpick-resort-cam-ranh/hotel/khanh-hoa-vn.html
213796,Radisson Blu Resort Cam Ranh,https://www.agoda.co.kr/radisson-blu-resort-cam-ranh/hotel/nha-trang-vn.html
215917,멜리아 호 트람 비치 리조트,https://www.agoda.co.kr/melia-ho-tram-beach-resort/hotel/vung-tau-vn.html
216514,SHILLA MONOGRAM QUANG NAM DA NANG,https://www.agoda.co.kr/shilla-monogram-quangnam-danang/hotel/da-nang-vn.html
362503,Peridot Grand Luxury Boutique Hotel,https://www.agoda.co.kr/peridot-grand-hotel-and-spa-by-aira/hotel/hanoi-vn.html
362753,이스틴 호텔 & 레지던스 하노이,https://www.agoda.co.kr/eastin-hotel-residences-hanoi/hotel/hanoi-vn.html
362804,호이아나 호텔 & 스위트,https://www.agoda.co.kr/hoiana-hotel-and-suites/hotel/hoi-an-vn.html
363063,앨마 리조트 깜라인,https://www.agoda.co.kr/alma-resort-cam-ranh/hotel/thanh-xuong-vn.html
363069,포티크 호텔,https://www.agoda.co.kr/potique-hotel/hotel/nha-trang-vn.html
364815,라 벨라 사이공 호텔,https://www.agoda.co.kr/la-vela-saigon-hotel/hotel/ho-chi-minh-city-vn.html
700031,Crowne Plaza Phu Quoc Starbay,https://www.agoda.co.kr/crowne-plaza-phu-quoc-starbay/hotel/phu-quoc-island-vn.html
700090,REGENT PHU QUOC,https://www.agoda.co.kr/regent-phu-quoc/hotel/phu-quoc-island-vn.html
707103,래디슨 호텔 다낭,https://www.agoda.co.kr/radisson-hotel-danang/hotel/da-nang-vn.html
709256,New World Phu Quoc Resort,https://www.agoda.co.kr/new-world-phu-quoc-resort-h25124946/hotel/phu-quoc-island-vn.html
416,호텔 비스치오 오사카 바이 그란비아,https://www.agoda.co.kr/hotel-vischio-osaka-by-granvia/hotel/osaka-jp.html
20896,오사카 메리어트 미야코 호텔,https://www.agoda.co.kr/osaka-marriott-miyako-hotel/hotel/osaka-jp.html
22261,호텔 오리온 모토부 리조트 & 스파,https://www.agoda.co.kr/hotel-orion-motobu-resort-and-spa/hotel/okinawa-main-island-jp.html
22648,밀레니엄 미쓰이 가든 호텔 도쿄,https://www.agoda.co.kr/millennium-mitsui-garden-hotel-tokyo/hotel/tokyo-jp.html
23608,니시테쓰 호텔 크룸 하카타,https://www.agoda.co.kr/nishitetsu-hotel-croom-hakata/hotel/fukuoka-jp.html
26089,라겐트 스테이 삿포로 오도리 홋카이도,https://www.agoda.co.kr/la-gent-stay-sapporo-odori-hokkaido/hotel/sapporo-jp.html
28631,베셀 호텔 캄파나 오키나와,https://www.agoda.co.kr/vessel-hotel-campana-okinawa/hotel/okinawa-main-island-jp.html
44104,도미 인 프리미엄 시부야 진구마에 핫 스프링,https://www.agoda.co.kr/dormy-inn-premium-shibuya-jingumae-hot-spring/hotel/tokyo-jp.html
45356,도미 인 프리미엄 남바 내추럴 핫 스프링,https://www.agoda.co.kr/dormy-inn-premium-namba-natural-hot-spring/hotel/osaka-jp.html
69018,인터컨티넨탈 오사카 IHG 호텔,https://www.agoda.co.kr/intercontinental-hotel-osaka/hotel/osaka-jp.html
69625,도미 인 프리미엄 삿포로 핫 스프링,https://www.agoda.co.kr/dormy-inn-premium-sapporo-hot-spring/hotel/sapporo-jp.html
69720,힐튼 오키나와 차탄 리조트,https://www.agoda.co.kr/hilton-okinawa-chatan-resort/hotel/okinawa-main-island-jp.html
74597,오키나와 나하나 호텔 & 스파,https://www.agoda.co.kr/okinawa-nahana-hotel-spa/hotel/okinawa-main-island-jp.html
74669,솔라리아 니시테츠 호텔 후쿠오카,https://www.agoda.co.kr/solaria-nishitetsu-hotel-fukuoka/hotel/fukuoka-jp.html
75717,게이오 플라자 호텔 도쿄,https://www.agoda.co.kr/keio-plaza-hotel-tokyo_3/hotel/tokyo-jp.html
83578,조잔케이 쓰루가 리조트 스파 모리 노 우타,https://www.agoda.co.kr/jozankei-tsuruga-resort-spa-mori-no-uta/hotel/sapporo-jp.html
83828,호텔 몬토레 오키나와 스파 & 리조트,https://www.agoda.co.kr/hotel-monterey-okinawa-spa-and-resort/hotel/okinawa-main-island-jp.html
84148,류큐 온센 세나가지마 호텔,https://www.agoda.co.kr/ryukyu-onsen-senagajima-hotel/hotel/okinawa-main-island-jp.html
86587,하얏트 리젠시 나하 오키나와,https://www.agoda.co.kr/hyatt-regency-naha-okinawa/hotel/okinawa-main-island-jp.html
86984,더 파크 프런트 호텔 앳 유니버설 스튜디오 재팬,https://www.agoda.co.kr/the-park-front-hotel-at-universal-studios-japan/hotel/osaka-jp.html
88550,알몬트 호텔 나하 켄초마에,https://www.agoda.co.kr/almont-hotel-naha-kenchomae/hotel/okinawa-main-island-jp.html
96922,콘래드 도쿄,https://www.agoda.co.kr/conrad-tokyo_8/hotel/tokyo-jp.html
96923,미츠이 가든 호텔 긴자 프리미어,https://www.agoda.co.kr/mitsui-garden-hotel-ginza-premier/hotel/tokyo-jp.html
97154,하카타 엑셀 호텔 도큐,https://www.agoda.co.kr/hakata-excel-hotel-tokyu/hotel/fukuoka-jp.html
97227,호텔 니코 후쿠오카,https://www.agoda.co.kr/hotel-nikko-fukuoka/hotel/fukuoka-jp.html
97250,르네상스 리조트 오키나와,https://www.agoda.co.kr/renaissance-okinawa-resort/hotel/okinawa-main-island-jp.html
97335,아나 인터컨티넨탈 만자 비치 리조트,https://www.agoda.co.kr/ana-intercontinental-manza-beach-resort_11/hotel/okinawa-main-island-jp.html
97343,프리미어호텔 나카지마공원 삿포로,https://www.agoda.co.kr/premier-hotel-nakajima-park-sapporo/hotel/sapporo-jp.html
97360,호텔 그레이서리 긴자,https://www.agoda.co.kr/hotel-gracery-ginza/hotel/tokyo-jp.html
97403,컴포트 호텔 하카타,https://www.agoda.co.kr/comfort-hotel-hakata_8/hotel/fukuoka-jp.html
97432,힐튼 오사카,https://www.agoda.co.kr/hilton-osaka_4/hotel/osaka-jp.html
97442,호텔 닛코 오사카,https://www.agoda.co.kr/hotel-nikko-osaka/hotel/osaka-jp.html
97456,미쓰이 가든 호텔 삿포로,https://www.agoda.co.kr/mitsui-garden-hotel-sapporo/hotel/sapporo-jp.html
97458,하얏트 리젠시 도쿄,https://www.agoda.co.kr/hyatt-regency-tokyo/hotel/tokyo-jp.html
97487,힐튼 후쿠오카 씨 호크,https://www.agoda.co.kr/hilton-fukuoka-sea-hawk/hotel/fukuoka-jp.html
97522,이비스 스타일스 오사카  남바,https://www.agoda.co.kr/ibis-styles-osaka-namba/hotel/osaka-jp.html
97537,신주쿠 프린스 호텔,https://www.agoda.co.kr/shinjuku-prince-hotel/hotel/tokyo-jp.html
97538,신주쿠 워싱턴 호텔 메인,https://www.agoda.co.kr/shinjuku-washington-hotel-main-building/hotel/tokyo-jp.html
97599,아고라 플레이스 남바,https://www.agoda.co.kr/red-roof-plus-osaka-namba/hotel/osaka-jp.html
97604,크로스 호텔 오사카,https://www.agoda.co.kr/cross-hotel-osaka/hotel/osaka-jp.html
97606,JR 타워 호텔 닛코 삿포로,https://www.agoda.co.kr/jr-tower-hotel-nikko-sapporo/hotel/sapporo-jp.html
97668,남바 오리엔탈 호텔,https://www.agoda.co.kr/namba-oriental-hotel/hotel/osaka-jp.html
97674,호텔 몬토레 에델호프 삿포로,https://www.agoda.co.kr/hotel-monterey-edelhof-sapporo-hotel-monterey-sapporo-annex/hotel/sapporo-jp.html
97749,프린스 파크 타워 도쿄,https://www.agoda.co.kr/the-prince-park-tower-tokyo-hotel/hotel/tokyo-jp.html
97808,시부야 엑셀 호텔 도큐,https://www.agoda.co.kr/shibuya-excel-hotel-tokyu/hotel/tokyo-jp.html
97895,니시테츠 그랜드 호텔,https://www.agoda.co.kr/nishitetsu-grand-hotel/hotel/fukuoka-jp.html
97920,힐튼 도쿄 오다이바,https://www.agoda.co.kr/hilton-tokyo-odaiba/hotel/tokyo-jp.html
97935,오키나와 매리어트 리조트 앤드 스파,https://www.agoda.co.kr/okinawa-marriott-resort-spa/hotel/okinawa-main-island-jp.html
97959,미야코 호텔 하카타,https://www.agoda.co.kr/miyako-hotel-hakata/hotel/fukuoka-jp.html
98246,게이오 플라자 호텔 삿포로,https://www.agoda.co.kr/keio-plaza-hotel-sapporo/hotel/sapporo-jp.html
98263,삿포로 그랜드 호텔,https://www.agoda.co.kr/sapporo-grand-hotel/hotel/sapporo-jp.html
98266,하나모미지,https://www.agoda.co.kr/hana-momiji/hotel/sapporo-jp.html
98331,호텔 JAL 시티 나하,https://www.agoda.co.kr/hotel-jal-city-naha/hotel/okinawa-main-island-jp.html
98345,크로스 호텔 삿포로,https://www.agoda.co.kr/cross-hotel-sapporo/hotel/sapporo-jp.html
98350,호텔 레솔 트리니티 삿포로,https://www.agoda.co.kr/hotel-resol-trinity-sapporo/hotel/sapporo-jp.html
98417,호텔 그란비아 오사카,https://www.agoda.co.kr/hotel-granvia-osaka/hotel/osaka-jp.html
98428,호텔 몬토레 그라스미아 오사카,https://www.agoda.co.kr/hotel-monterey-grasmere-osaka/hotel/osaka-jp.html
98446,센추리 서던 타워 호텔,https://www.agoda.co.kr/hotel-century-southern-tower/hotel/tokyo-jp.html
98461,오리엔탈 호텔 후쿠오카 하카타 스테이션,https://www.agoda.co.kr/oriental-hotel-fukuoka-hakata-station/hotel/fukuoka-jp.html
98462,세룰리언 타워 도큐 호텔,https://www.agoda.co.kr/cerulean-tower-tokyu-hotel/hotel/tokyo-jp.html
98508,리잔 시 파크 호텔 단차 베이,https://www.agoda.co.kr/rizzan-sea-park-hotel-tancha-bay/hotel/okinawa-main-island-jp.html
98511,더 비치 타워 오키나와,https://www.agoda.co.kr/the-beach-tower-okinawa-hotel/hotel/okinawa-main-island-jp.html
98533,힐튼 도쿄,https://www.agoda.co.kr/hilton-tokyo_7/hotel/tokyo-jp.html
98595,쉐라톤 미야코 호텔 오사카,https://www.agoda.co.kr/sheraton-miyako-hotel-osaka/hotel/osaka-jp.html
98597,스위소텔 난카이 오사카,https://www.agoda.co.kr/swissotel-nankai-osaka-hotel/hotel/osaka-jp.html
98646,그랜드 하얏트 후쿠오카,https://www.agoda.co.kr/grand-hyatt-fukuoka/hotel/fukuoka-jp.html
98655,커낼 시티 후쿠오카 워싱턴 호텔,https://www.agoda.co.kr/canal-city-fukuoka-washington-hotel_20/hotel/fukuoka-jp.html
98908,ANA 크라운 플라자 삿포로,https://www.agoda.co.kr/ana-crowne-plaza-sapporo/hotel/sapporo-jp.html
98910,호텔 그레이서리 삿포로,https://www.agoda.co.kr/hotel-gracery-sapporo/hotel/sapporo-jp.html
99126,더 부세나 테라스,https://www.agoda.co.kr/the-busena-terrace/hotel/okinawa-main-island-jp.html
112425,오사카 히노데 호텔 닛폰바시 - 심층수 온천,https://www.agoda.co.kr/osaka-hinode-hotel-nipponbashi/hotel/osaka-jp.html
112636,호텔 그레이서리 나하,https://www.agoda.co.kr/hotel-gracery-naha/hotel/okinawa-main-island-jp.html
124450,온야도 노노 남바 내추럴 핫 스프링,https://www.agoda.co.kr/onyado-nono-namba-natural-hot-spring/hotel/osaka-jp.html
127009,호텔 몬테 에르마나 후쿠오카,https://www.agoda.co.kr/hotel-monte-hermana-fukuoka/hotel/fukuoka-jp.html
127254,렘 롯폰기,https://www.agoda.co.kr/remm-roppongi/hotel/tokyo-jp.html
142365,카락사 호텔 삿포로,https://www.agoda.co.kr/karaksa-hotel-sapporo_2/hotel/sapporo-jp.html
149217,더블트리 바이 힐튼 오키나와 차탄 리조트,https://www.agoda.co.kr/doubletree-by-hilton-okinawa-chatan-resort_3/hotel/okinawa-main-island-jp.html
151128,네스트 호텔 하카타 스테이션,https://www.agoda.co.kr/nest-hotel-hakata-station/hotel/fukuoka-jp.html
163760,호텔 WBF 그란데 하카타,https://www.agoda.co.kr/hotel-wbf-grande-hakata/hotel/fukuoka-jp.html
164185,하얏트 리젠시 세라가키 아일랜드 오키나와,https://www.agoda.co.kr/hyatt-regency-seragaki-island-okinawa/hotel/okinawa-main-island-jp.html
174135,시부야 스트림 엑셀 호텔 도큐,https://www.agoda.co.kr/shibuya-stream-excel-hotel-tokyu/hotel/tokyo-jp.html
179431,도큐 스테이 후쿠오카 텐진,https://www.agoda.co.kr/tokyu-stay-fukuoka-tenjin/hotel/fukuoka-jp.html
189669,알라 마하이나 콘도 호텔,https://www.agoda.co.kr/ala-mahaina-condo-hotel/hotel/okinawa-main-island-jp.html
194190,케이오 프렐리아 호텔 삿포로,https://www.agoda.co.kr/keio-prelia-hotel-sapporo/hotel/sapporo-jp.html
197192,할레쿨라니 오키나와,https://www.agoda.co.kr/halekulani-okinawa_2/hotel/okinawa-main-island-jp.html
203014,히요리 호텔 오사카 남바 스테이션,https://www.agoda.co.kr/hiyori-hotel-osaka-namba-station/hotel/osaka-jp.html
203415,호텔한큐레스파이어오사카,https://www.agoda.co.kr/hotel-hankyu-respire-osaka/hotel/osaka-jp.html
205995,미쓰이 가든 호텔 후쿠오카 기온,https://www.agoda.co.kr/mitsui-garden-hotel-fukuoka-gion/hotel/fukuoka-jp.html
206002,더 라이블리 후쿠오카,https://www.agoda.co.kr/the-lively-hakata-fukuoka/hotel/fukuoka-jp.html
212624,더 블러섬 하카타 프리미어,https://www.agoda.co.kr/the-blossom-hakata-premier/hotel/fukuoka-jp.html
215709,티마크 시티 호텔 삿포로 오도리,https://www.agoda.co.kr/tmark-city-hotel-sapporoodori/hotel/sapporo-jp.html
215712,더 놋 삿포로,https://www.agoda.co.kr/the-knot-sapporo/hotel/sapporo-jp.html
216043,킴튼 신주쿠 도쿄 IHG 호텔,https://www.agoda.co.kr/kimpton-shinjuku-tokyo/hotel/tokyo-jp.html
216422,시타딘스 난바 오사카,https://www.agoda.co.kr/citadines-namba-osaka/hotel/osaka-jp.html
220990,미쓰이 가든 호텔 삿포로 웨스트,https://www.agoda.co.kr/mitsui-garden-hotel-sapporo-west/hotel/sapporo-jp.html
340374,종크 나카스,https://www.agoda.co.kr/zonk/hotel/fukuoka-jp.html
340924,시퀀스 미야시타 파크,https://www.agoda.co.kr/sequence-miyashita-park-shibuya/hotel/tokyo-jp.html
716041,올 데이 플레이스 시부야,https://www.agoda.co.kr/all-day-place-shibuya/hotel/tokyo-jp.html
800778,Hotel Oriental Express Fukuoka Tenjin,https://www.agoda.co.kr/hotel-oriental-express-fukuoka-tenjin/hotel/fukuoka-jp.html
800844,Solaria Nishitetsu Hotel Sapporo,https://www.agoda.co.kr/solaria-nishitetsu-hotel-sapporo-h17024271/hotel/sapporo-jp.html
17228,노보텔 사이공 센터,https://www.expedia.co.kr/Ho-Chi-Minh-City-Hotels-Novotel-Saigon-Centre.h2085734
17409,Tia Wellness resort,https://www.expedia.co.kr/Da-Nang-Hotels-TIA-Wellness-Resort-Spa-Inclusive.h3844044
17566,카라벨 사이공,https://www.expedia.co.kr/Ho-Chi-Minh-City-Hotels-Caravelle-Saigon.h69803
17575,인터컨티넨탈 사이공 IHG 호텔,https://www.expedia.co.kr/Ho-Chi-Minh-City-Hotels-InterContinental-Saigon.h2841656
17583,달랏 팰리스 헤리티지 호텔,https://www.expedia.co.kr/Da-Lat-Hotels-Dalat-Palace-Heritage-Hotel.h24366
17834,Sheraton Nha Trang Hotel & Spa,https://www.expedia.co.kr/Nha-Trang-Hotels-Sheraton-Nha-Trang-Hotel-Spa.h2928430
17838,쉐라톤 하노이 호텔,https://www.expedia.co.kr/Hanoi-Hotels-Sheraton-Hanoi-Hotel.h996505
18097,포시즌스 리조트 더 남 하이 호이안 베트남,https://www.expedia.co.kr/Da-Nang-Hotels-Four-Seasons-Resort-The-Nam-Hai.h1659007
18383,인터컨티넨탈 하노이 웨스트레이크 IHG 호텔,https://www.expedia.co.kr/Hanoi-Hotels-InterContinental-Hanoi-Westlake.h1848828
18586,Vinpearl Luxury Da Nang (Danang Marriott Resort & Spa),https://www.expedia.co.kr/Da-Nang-Hotels-Vinpearl-Luxury-Da-Nang.h9024180
18701,Pullman Danang Beach Resort,https://www.expedia.co.kr/Da-Nang-Hotels-Pullman-Danang-Beach-Resort.h3520339
18922,FURAMA RESORT DANANG,https://www.expedia.co.kr/Da-Nang-Hotels-Furama-Resort-Danang.h526011
18925,Hyatt Regency Danang Resort and Spa,https://www.expedia.co.kr/Da-Nang-Hotels-Hyatt-Regency-Danang-Resort-And-Spa.h4624340
18984,호텔 니코 사이공,https://www.expedia.co.kr/Ho-Chi-Minh-City-Hotels-Hotel-Nikko-Saigon.h4604698
19008,노보텔 나트랑,https://www.expedia.co.kr/Nha-Trang-Hotels-Novotel-Nha-Trang.h2301572
19146,롯데 호텔 사이공,https://www.expedia.co.kr/Ho-Chi-Minh-City-Hotels-Lotte-Hotel-Saigon.h968092
19155,NOVOTEL DANANG PREMIER HAN RIVER,https://www.expedia.co.kr/Da-Nang-Hotels-Novotel-Danang-Premier-Han-River.h5366211
19156,Intercontinental Danang sun peninsula resort,https://www.expedia.co.kr/Da-Nang-Hotels-InterContinental-Danang-Sun-Peninsula-Resort.h4583505
19168,Brilliant Hotel Danang,https://www.expedia.co.kr/Da-Nang-Hotels-Brilliant-Hotel.h5155710
19264,소피텔 레전드 메트로폴 하노이,https://www.expedia.co.kr/Hanoi-Hotels-Sofitel-Legend-Metropole-Hanoi.h49234
19286,Somerset Grand Hanoi ,https://www.expedia.co.kr/Hanoi-Hotels-Somerset-Grand-Hanoi.h1559027
19300,하노이 대우 호텔,https://www.expedia.co.kr/Hanoi-Hotels-Hanoi-Daewoo-Hotel.h69101
19402,뉴 월드 사이공 호텔,https://www.expedia.co.kr/Ho-Chi-Minh-City-Hotels-New-World-Saigon-Hotel.h18170
19921,BEL MARINA HOI AN RESORT,https://www.expedia.co.kr/Da-Nang-Hotels-Mulberry-Collection-Silk-Marina.h5589618
20437,시타딘 베이프런트 나트랑,https://www.expedia.co.kr/Nha-Trang-Hotels-Citadines-Bayfront-Nha-Trang.h18575450
20662,사노우바 다낭 호텔,https://www.expedia.co.kr/Da-Nang-Hotels-Sanouva-Danang-Hotel.h8449824
21505,AMIANA RESORT NHA TRANG,https://www.expedia.co.kr/Nha-Trang-Hotels-Amiana-Resort-Nha-Trang.h5981048
22892,La Siesta Hoi An Resort & Spa,https://www.expedia.co.kr/Da-Nang-Hotels-La-Siesta-Hoi-An-Resort-Spa.h18279351
23201,멜리아 다낭 비치 리조트,https://www.expedia.co.kr/Da-Nang-Hotels-Melia-Danang-Beach-Resort.h8340853
23510,알마니티 호이 안 웰니스 리조트,https://www.expedia.co.kr/Da-Nang-Hotels-Almanity-Hoi-An-Wellness-Resort.h8809491
24208,안 리트리트 리조트 & 스파 (구.호이안 리버 타운 호텔),https://www.expedia.co.kr/Da-Nang-Hotels-Ann-Retreat-Resort-Spa.h15501905
29160,BANYAN TREE LANG CO,https://www.expedia.co.kr/Da-Nang-Hotels-Banyan-Tree-Lang-Co.h5241400
32065,빈펄 디스커버리 원더월드 푸꾸옥,https://www.expedia.co.kr/Phu-Quoc-Hotels-Vinpearl-Discovery-1-Phu-Quoc.h34014178
32068,빈펄 디스커버리 코스탈랜드 푸꾸옥,https://www.expedia.co.kr/Phu-Quoc-Hotels-Vinpearl-Discovery-Coastalland-Phu-Quoc.h17904719
38817,이비스 스타일스 나트랑,https://www.expedia.co.kr/Nha-Trang-Hotels-Ibis-Styles-Nha-Trang.h19203407
41344,프리미어 빌리지 다낭 리조트 매니지드 바이 아코르,https://www.expedia.co.kr/Da-Nang-Hotels-Premier-Village-Danang-Resort-Managed-By-Accor.h8156705
41893,라이즈마운트 프리미어 리조트 다낭,https://www.expedia.co.kr/Da-Nang-Hotels-Risemount-Premier-Resort-Da-Nang.h16399309
42469,노보텔 푸꾸옥 리조트,https://www.expedia.co.kr/Phu-Quoc-Hotels-Novotel-Phu-Quoc-Resort.h13254447
43922,하노이 라 시에스타 호텔 트렌디,https://www.expedia.co.kr/Hanoi-Hotels-Hanoi-La-Siesta-Hotel-Trendy.h14922560
44300,Angsana Lang Co,https://www.expedia.co.kr/Da-Nang-Hotels-Angsana-Lang-Co.h5244398
45342,풀먼 사이공 센터,https://www.expedia.co.kr/Ho-Chi-Minh-City-Hotels-Pullman-Saigon-Centre.h6386645
65643,안람 리트리트 사이공 리버,https://www.expedia.co.kr/Ho-Chi-Minh-City-Hotels-An-Lam-Retreats-Saigon-River.h4663322
65796,LOTTE HOTEL HANOI,https://www.expedia.co.kr/Hanoi-Hotels-Lotte-Hotel-Hanoi.h8829295
65942,리버티 센트럴 사이공 시티포인트,https://www.expedia.co.kr/Ho-Chi-Minh-City-Hotels-Liberty-Central-Saigon-Citypoint.h8734694
66731,Intercontinenta Phu Quoc Long Beach Resort,https://www.expedia.co.kr/Phu-Quoc-Hotels-InterContinental-Phu-Quoc-Long-Beach-Resort.h21475850
66876,이스틴 그랜드 호텔 사이공,https://www.expedia.co.kr/Ho-Chi-Minh-City-Hotels-Eastin-Grand-Hotel-Saigon.h6879
80544,빈펄 럭셔리 나트랑,https://www.expedia.co.kr/Nha-Trang-Hotels-Vinpearl-Luxury-Nha-Trang.h4424377
83747,미아 리조트 냐짱,https://www.expedia.co.kr/Nha-Trang-Hotels-Mia-Resort-Nha-Trang.h5294232
84155,JW 메리어트 호텔 하노이,https://www.expedia.co.kr/Hanoi-Hotels-JW-Marriott-Hotel-Hanoi.h5702839
84324,GK 센트럴 호텔,https://www.expedia.co.kr/Ho-Chi-Minh-City-Hotels-GK-Central-Hotel.h7361809
85052,나만 리트리트,https://www.expedia.co.kr/Da-Nang-Hotels-Naman-Retreat.h9713657
107168,InterContinental Nha Trang ,https://www.expedia.co.kr/Nha-Trang-Hotels-InterContinental-Nha-Trang.h5309179
107430,Vinpearl Resort & Spa Nha Trang Bay,https://www.expedia.co.kr/Nha-Trang-Hotels-Vinpearl-Resort-Spa-Nha-Trang-Bay.h9761937
107834,Fusion Resort Cam Ranh,https://www.expedia.co.kr/Nha-Trang-Hotels-Fusion-Resort-Cam-Ranh.h10586819
108313,The Anam,https://www.expedia.co.kr/Nha-Trang-Hotels-The-Anam.h15765822
108807,멀버리 컬렉션 실크 빌리지,https://www.expedia.co.kr/Da-Nang-Hotels-Mulberry-Collection-Silk-Village.h12429937
116136,빈펄 리조트 & 스파 하롱,https://www.expedia.co.kr/Ha-Long-Hotels-Vinpearl-Resort-Spa-Ha-Long.h12091240
121912,JW Marriott Phu Quoc Emerald Bay Resort & Spa,https://www.expedia.co.kr/Phu-Quoc-Hotels-JW-Marriott-Phu-Quoc-Emerald-Bay-Resort-Spa.h17273008
126976,더 라이트 호텔,https://www.expedia.co.kr/Hanoi-Hotels-The-Light-Hotel.h16652182
128133,퓨전 리조트 푸꾸옥,https://www.expedia.co.kr/Phu-Quoc-Hotels-Fusion-Resort-Phu-Quoc.h17963587
132633,이비스 사이공 에어포트,https://www.expedia.co.kr/Ho-Chi-Minh-City-Hotels-Ibis-Saigon-Airport.h16301109
133918,하바나 나트랑 호텔 (구.프리미어 하바나 호텔),https://www.expedia.co.kr/Nha-Trang-Hotels-Premier-Havana-Hotel.h16494503
134333,Vinpearl Resort & Spa Da Nang,https://www.expedia.co.kr/Da-Nang-Hotels-Vinpearl-Resort-Spa-Da-Nang.h17891391
142100,Hilton Da Nang,https://www.expedia.co.kr/Da-Nang-Hotels-Hilton-Da-Nang.h19288251
142216,씨셸스 호텔 & 스파 푸꾸옥,https://www.expedia.co.kr/Phu-Quoc-Hotels-Seashells-Hotel-And-Spa-Phu-Quoc.h19286763
143246,Satya Da Nang Hotel,https://www.expedia.co.kr/Da-Nang-Hotels-Satya-Hotel.h21916646
144698,뉴 오리엔트 호텔 다낭,https://www.expedia.co.kr/Da-Nang-Hotels-New-Orient-Hotel-Danang.h20481247
149106,Sheraton Grand Danang Resort,https://www.expedia.co.kr/Da-Nang-Hotels-Sheraton-Grand-Danang-Resort.h21943289
156358,멜리아 빈펄 리조트 & 스파 롱 비치 나트랑,https://www.expedia.co.kr/Nha-Trang-Hotels-Vinpearl-Resort-Spa-Long-Beach-Nha-Trang.h17753740
156471,Meliá Vinpearl Danang Riverfront,https://www.expedia.co.kr/Da-Nang-Hotels-Vinpearl-Condotel-Riverfront-Danang.h24310425
156472,TMS Hotel Da Nang Beach,https://www.expedia.co.kr/Da-Nang-Hotels-TMS-Hotel-Da-Nang-Beach.h29282295
156473,Four Points by Sheraton Danang,https://www.expedia.co.kr/Da-Nang-Hotels-Four-Points-By-Sheraton-Danang.h22602326
172951,프리미어 빌리지 푸꾸옥 리조트 매니지드 바이 아코르호텔,https://www.expedia.co.kr/Phu-Quoc-Hotels-Premier-Village-Phu-Quoc-Resort-Managed-By-AccorHotels.h22862139
172965,빈오아시스 푸꾸옥,https://www.expedia.co.kr/Phu-Quoc-Hotels-VinOasis-Phu-Quoc.h18340701
173133,빈펄 리조트 & 골프 남 호이안,https://www.expedia.co.kr/Hoi-An-Hotels-Vinpearl-Resort-Golf-Nam-Hoi-An.h23258289
176848,네이비 호텔 캄란,https://www.expedia.co.kr/Nha-Trang-Hotels-Navy-Hotel-Cam-Ranh.h27617144
176879,모조 인 부티크,https://www.expedia.co.kr/Nha-Trang-Hotels-Mojzo-Inn-Boutique.h31815353
198241,살라 다낭 비치 호텔,https://www.expedia.co.kr/Da-Nang-Hotels-Sala-Danang-Beach-Hotel.h35708398
202460,오텔 드 라 쿠폴 - 엠갤러리 바이 소피텔,https://www.expedia.co.kr/Sa-Pa-Hotels-Hotel-De-La-Coupole-MGallery.h27517045
209235,Sel de Mer Hotel & Suites,https://www.expedia.co.kr/Da-Nang-Hotels-Sel-De-Mer-Hotel-Suites.h43081135
210726,풀먼 푸꾸옥 비치 리조트,https://www.expedia.co.kr/Phu-Quoc-Hotels-Pullman-Phu-Quoc.h39802686
213632,비르고 호텔,https://www.expedia.co.kr/Nha-Trang-Hotels-Virgo-Hotel.h39214251
213641,레 모레 호텔,https://www.expedia.co.kr/Nha-Trang-Hotels-LeMore-Hotel.h32889310
213648,미아 사이공 럭셔리 부티크 호텔,https://www.expedia.co.kr/Ho-Chi-Minh-City-Hotels-Mia-SaiGon-Luxury-Boutique-Hotel.h37282059
213649,빈펄 럭셔리 랜드마크 81,https://www.expedia.co.kr/Ho-Chi-Minh-City-Hotels-Vinpearl-Landmark-81.h37287496
213675,MÖVENPICK RESORT CAM RANH,https://www.expedia.co.kr/Nha-Trang-Hotels-Movenpick-Resort-CAM-Ranh.h40460567
213796,Radisson Blu Resort Cam Ranh,https://www.expedia.co.kr/Nha-Trang-Hotels-Radisson-Blu-Resort-Cam-Ranh.h37999130
215917,멜리아 호 트람 비치 리조트,https://www.expedia.co.kr/Vung-Tau-Hotels-Melia-Ho-Tram-Beach-Resort.h30463977
216514,SHILLA MONOGRAM QUANG NAM DA NANG,https://www.expedia.co.kr/Hoi-An-Hotels-Shilla-Monogram-Quangnam-Danang-Resort.h45631547
362503,Peridot Grand Luxury Boutique Hotel,https://www.expedia.co.kr/Hanoi-Hotels-Peridot-Grand-Hotel-Spa-By-AIRA.h45982222
362753,이스틴 호텔 & 레지던스 하노이,https://www.expedia.co.kr/Hanoi-Hotels-Eastin-Hotel-Residences-Hanoi.h55026645
362804,호이아나 호텔 & 스위트,https://www.expedia.co.kr/Son-Tay-Hotels-Hoiana-Hotel-Suites.h46133793
363063,앨마 리조트 깜라인,https://www.expedia.co.kr/Nha-Trang-Hotels-Alma-Resort.h45773013
363069,포티크 호텔,https://www.expedia.co.kr/Nha-Trang-Hotels-Potique-Hotel.h57101973
364815,라 벨라 사이공 호텔,https://www.expedia.co.kr/Ho-Chi-Minh-City-Hotels-La-Vela-Hotel.h44328578
700031,Crowne Plaza Phu Quoc Starbay,https://www.expedia.co.kr/Phu-Quoc-Hotels-Crowne-Plaza-Phu-Quoc-Starbay.h61508181
700090,REGENT PHU QUOC,https://www.expedia.co.kr/Phu-Quoc-Hotels-Regent-Phu-Quoc.h61493030
707103,래디슨 호텔 다낭,https://www.expedia.co.kr/Da-Nang-Hotels-Radisson-Hotel-Danang.h61428022
709256,New World Phu Quoc Resort,https://www.expedia.co.kr/Phu-Quoc-Hotels-New-World-Phu-Quoc-Resort.h66527269
416,호텔 비스치오 오사카 바이 그란비아,https://www.expedia.co.kr/Osaka-Hotels-Hotel-Vischio-Osaka-By-Granvia.h20115711
20896,오사카 메리어트 미야코 호텔,https://www.expedia.co.kr/Osaka-Hotels-Osaka-Marriott-Miyako-Hotel.h6963659
22261,호텔 오리온 모토부 리조트 & 스파,https://www.expedia.co.kr/Okinawa-Hotels-Hotel-Orion-Motobu-Resort-Spa.h7482496
22648,밀레니엄 미쓰이 가든 호텔 도쿄,https://www.expedia.co.kr/Tokyo-Hotels-Millennium-Mitsui-Garden-Hotel-Tokyo.h8378795
23608,니시테쓰 호텔 크룸 하카타,https://www.expedia.co.kr/Fukuoka-Hotels-Nishitetsu-Hotel-Croom-Hakata.h4594699
26089,라겐트 스테이 삿포로 오도리 홋카이도,https://www.expedia.co.kr/Sapporo-Hotels-Lagent-Stay-Sapporo-Oodori-Hokkaido.h15110395
28631,베셀 호텔 캄파나 오키나와,https://www.expedia.co.kr/Okinawa-Hotels-Vessel-Hotel-Campana-Okinawa.h4825322
44104,도미 인 프리미엄 시부야 진구마에 핫 스프링,https://www.expedia.co.kr/Tokyo-Hotels-Dormy-Inn-Premium-Shibuya-Jingumae-Hot-Spring.h5068211
45356,도미 인 프리미엄 남바 내추럴 핫 스프링,https://www.expedia.co.kr/Osaka-Hotels-Dormy-Inn-Premium-Namba-Natural-Hot-Spring.h6438577
69018,인터컨티넨탈 오사카 IHG 호텔,https://www.expedia.co.kr/Osaka-Hotels-InterContinental-Osaka.h5696173
69625,도미 인 프리미엄 삿포로 핫 스프링,https://www.expedia.co.kr/Sapporo-Hotels-Dormy-Inn-PREMIUM-Sapporo-Hot-Spring.h2539889
69720,힐튼 오키나와 차탄 리조트,https://www.expedia.co.kr/Okinawa-Hotels-Hilton-Okinawa-Chatan-Resort.h7228875
74597,오키나와 나하나 호텔 & 스파,https://www.expedia.co.kr/Okinawa-Hotels-Okinawa-NaHaNa-Hotel-Spa.h16506
74669,솔라리아 니시테츠 호텔 후쿠오카,https://www.expedia.co.kr/Fukuoka-Hotels-Solaria-Nishitetsu-Hotel-Fukuoka.h9777175
75717,게이오 플라자 호텔 도쿄,https://www.expedia.co.kr/Tokyo-Hotels-Keio-Plaza-Hotel-Tokyo.h15215
83578,조잔케이 쓰루가 리조트 스파 모리 노 우타,https://www.expedia.co.kr/Sapporo-Hotels-Jozankei-Tsuruga-Resort-Spa-MORI-No-UTA.h5111007
83828,호텔 몬토레 오키나와 스파 & 리조트,https://www.expedia.co.kr/Okinawa-Hotels-Hotel-Monterey-Okinawa-Spa-Resort.h7288973
84148,류큐 온센 세나가지마 호텔,https://www.expedia.co.kr/Okinawa-Hotels-Ryukyu-Onsen-Senagajima-Hotel.h12920354
86587,하얏트 리젠시 나하 오키나와,https://www.expedia.co.kr/Okinawa-Hotels-Hyatt-Regency-Naha.h17155529
86984,더 파크 프런트 호텔 앳 유니버설 스튜디오 재팬,https://www.expedia.co.kr/Osaka-Hotels-The-Park-Front-Hotel-At-Universal-Studios-Japan.h12315627
88550,알몬트 호텔 나하 켄초마에,https://www.expedia.co.kr/Okinawa-Hotels-Almont-Hotel-Naha-Kenchomae.h12531496
96922,콘래드 도쿄,https://www.expedia.co.kr/Tokyo-Hotels-Conrad-Tokyo.h1235351
96923,미츠이 가든 호텔 긴자 프리미어,https://www.expedia.co.kr/Tokyo-Hotels-Mitsui-Garden-Hotel-Ginza-Premier.h25819
97154,하카타 엑셀 호텔 도큐,https://www.expedia.co.kr/Fukuoka-Hotels-Hakata-Excel-Hotel-Tokyu.h444716
97227,호텔 니코 후쿠오카,https://www.expedia.co.kr/Fukuoka-Hotels-Hotel-Nikko-Fukuoka.h18766
97250,르네상스 리조트 오키나와,https://www.expedia.co.kr/Okinawa-Hotels-Renaissance-Resort-Okinawa.h7298085
97335,아나 인터컨티넨탈 만자 비치 리조트,https://www.expedia.co.kr/Okinawa-Hotels-ANA-InterContinental-Manza-Beach-Resort.h16455
97343,프리미어호텔 나카지마공원 삿포로,https://www.expedia.co.kr/Sapporo-Hotels-Premier-Hotel-Nakajima-Park-Sapporo.h14816383
97360,호텔 그레이서리 긴자,https://www.expedia.co.kr/Tokyo-Hotels-Hotel-Gracery-Ginza.h1567318
97403,컴포트 호텔 하카타,https://www.expedia.co.kr/Fukuoka-Hotels-Comfort-Hotel-Hakata.h1141371
97432,힐튼 오사카,https://www.expedia.co.kr/Osaka-Hotels-Hilton-Osaka.h1179
97442,호텔 닛코 오사카,https://www.expedia.co.kr/Osaka-Hotels-Hotel-Nikko-Osaka.h17608
97456,미쓰이 가든 호텔 삿포로,https://www.expedia.co.kr/Sapporo-Hotels-Mitsui-Garden-Hotel-Sapporo.h3793566
97458,하얏트 리젠시 도쿄,https://www.expedia.co.kr/Tokyo-Hotels-Hyatt-Regency-Tokyo.h18119
97487,힐튼 후쿠오카 씨 호크,https://www.expedia.co.kr/Fukuoka-Hotels-Hilton-Fukuoka-Sea-Hawk.h1177468
97522,이비스 스타일스 오사카  남바,https://www.expedia.co.kr/Osaka-Hotels-Ibis-Styles-Osaka-Namba.h3946144
97537,신주쿠 프린스 호텔,https://www.expedia.co.kr/Tokyo-Hotels-Shinjuku-Prince-Hotel.h10857
97538,신주쿠 워싱턴 호텔 메인,https://www.expedia.co.kr/Tokyo-Hotels-Shinjuku-Washington-Hotel-Main.h48635
97599,아고라 플레이스 남바,https://www.expedia.co.kr/Osaka-Hotels-Agora-Place-Osaka-Namba.h4756871
97604,크로스 호텔 오사카,https://www.expedia.co.kr/Osaka-Hotels-Cross-Hotel-Osaka.h6311
97606,JR 타워 호텔 닛코 삿포로,https://www.expedia.co.kr/Sapporo-Hotels-JR-Tower-Hotel-Nikko-Sapporo.h3795043
97668,남바 오리엔탈 호텔,https://www.expedia.co.kr/Osaka-Hotels-Namba-Oriental-Hotel.h1031359.
97674,호텔 몬토레 에델호프 삿포로,https://www.expedia.co.kr/Sapporo-Hotels-Hotel-Monterey-Edelhof-Sapporo.h1611854
97749,프린스 파크 타워 도쿄,https://www.expedia.co.kr/Tokyo-Hotels-The-Prince-Park-Tower-Tokyo.h13278
97808,시부야 엑셀 호텔 도큐,https://www.expedia.co.kr/Tokyo-Hotels-Shibuya-Excel-Hotel-Tokyu.h486569
97895,니시테츠 그랜드 호텔,https://www.expedia.co.kr/Fukuoka-Hotels-Nishitetsu-Grand-Hotel.h9797444
97920,힐튼 도쿄 오다이바,https://www.expedia.co.kr/Tokyo-Hotels-Hilton-Tokyo-Odaiba.h34540
97935,오키나와 매리어트 리조트 앤드 스파,https://www.expedia.co.kr/Okinawa-Hotels-Okinawa-Marriott-Resort-Spa.h1206915
97959,미야코 호텔 하카타,https://www.expedia.co.kr/Fukuoka-Hotels-Miyako-Hotel-Hakata.h10165504
98246,게이오 플라자 호텔 삿포로,https://www.expedia.co.kr/Sapporo-Hotels-Keio-Plaza-Hotel-Sapporo.h45952
98263,삿포로 그랜드 호텔,https://www.expedia.co.kr/Sapporo-Hotels-Sapporo-Grand-Hotel.h1867005
98266,하나모미지,https://www.expedia.co.kr/Sapporo-Hotels-Hanamomiji.h9725188.
98331,호텔 JAL 시티 나하,https://www.expedia.co.kr/Okinawa-Hotels-Hotel-JAL-City-Naha.h1425369
98345,크로스 호텔 삿포로,https://www.expedia.co.kr/Sapporo-Hotels-Cross-Hotel-Sapporo.h4109028.
98350,호텔 레솔 트리니티 삿포로,https://www.expedia.co.kr/Sapporo-Hotels-Hotel-Resol-Trinity-Sapporo.h4355962
98417,호텔 그란비아 오사카,https://www.expedia.co.kr/Osaka-Hotels-Hotel-Granvia-Osaka.h45941
98428,호텔 몬토레 그라스미아 오사카,https://www.expedia.co.kr/Osaka-Hotels-Hotel-Monterey-Grasmere-Osaka.h2492916
98446,센추리 서던 타워 호텔,https://www.expedia.co.kr/Tokyo-Hotels-Century-Southern-Tower-Hotel.h200088
98461,오리엔탈 호텔 후쿠오카 하카타 스테이션,https://www.expedia.co.kr/Fukuoka-Hotels-Oriental-Hotel-Fukuoka-Hakata-Station.h33092764
98462,세룰리언 타워 도큐 호텔,https://www.expedia.co.kr/Tokyo-Hotels-Cerulean-Tower-Tokyu-Hotel.h661016
98508,리잔 시 파크 호텔 단차 베이,https://www.expedia.co.kr/Okinawa-Hotels-Rizzan-Sea-Park-Hotel-Tancha-Bay.h4980630
98511,더 비치 타워 오키나와,https://www.expedia.co.kr/Okinawa-Hotels-The-Beach-Tower-Okinawa.h2539879
98533,힐튼 도쿄,https://www.expedia.co.kr/Tokyo-Hotels-Hilton-Tokyo.h22597
98595,쉐라톤 미야코 호텔 오사카,https://www.expedia.co.kr/Osaka-Hotels-Sheraton-Miyako-Hotel-Osaka.h22872
98597,스위소텔 난카이 오사카,https://www.expedia.co.kr/Osaka-Hotels-Swissotel-Nankai-Osaka.h4433
98646,그랜드 하얏트 후쿠오카,https://www.expedia.co.kr/Fukuoka-Hotels-Grand-Hyatt-Fukuoka.h48626
98655,커낼 시티 후쿠오카 워싱턴 호텔,https://www.expedia.co.kr/Fukuoka-Hotels-Canal-City-Fukuoka-Washington-Hotel.h1788846
98908,ANA 크라운 플라자 삿포로,https://www.expedia.co.kr/Sapporo-Hotels-ANA-Crowne-Plaza-Sapporo.h22140
98910,호텔 그레이서리 삿포로,https://www.expedia.co.kr/Sapporo-Hotels-Hotel-Gracery-Sapporo.h1764372
99126,더 부세나 테라스,https://www.expedia.co.kr/Okinawa-Hotels-The-Busena-Terrace.h200973
112425,오사카 히노데 호텔 닛폰바시 - 심층수 온천,https://www.expedia.co.kr/Osaka-Hotels-Hot-Spring-From-Deep-Water-OSAKA-HINODE-HOTEL-NIPPONBASHI.h19276292
112636,호텔 그레이서리 나하,https://www.expedia.co.kr/Okinawa-Hotels-Hotel-Gracery-Naha.h12385623.
124450,온야도 노노 남바 내추럴 핫 스프링,https://www.expedia.co.kr/Osaka-Hotels-Onyado-Nono-Namba-Natural-Hot-Spring.h15975538
127009,호텔 몬테 에르마나 후쿠오카,https://www.expedia.co.kr/Fukuoka-Hotels-Hotel-Monte-Hermana-Fukuoka.h15716954
127254,렘 롯폰기,https://www.expedia.co.kr/Tokyo-Hotels-Remm-Roppongi.h15968254
142365,카락사 호텔 삿포로,https://www.expedia.co.kr/Sapporo-Hotels-Karaksa-Hotel-Sapporo.h19167987
149217,더블트리 바이 힐튼 오키나와 차탄 리조트,https://www.expedia.co.kr/Okinawa-Hotels-DoubleTree-By-Hilton-Okinawa-Chatan-Resort.h22166183
151128,네스트 호텔 하카타 스테이션,https://www.expedia.co.kr/Fukuoka-Hotels-NEST-HOTEL-HAKATA-STATION.h20520209
163760,호텔 WBF 그란데 하카타,https://www.expedia.co.kr/Fukuoka-Hotels-HOTEL-WBF-GRANDE-HAKATA.h22135839
164185,하얏트 리젠시 세라가키 아일랜드 오키나와,https://www.expedia.co.kr/Okinawa-Hotels-Hyatt-Regency-Seragaki-Island-Okinawa.h22437338
174135,시부야 스트림 엑셀 호텔 도큐,https://www.expedia.co.kr/Tokyo-Hotels-SHIBUYA-STREAM-EXCEL-HOTEL-TOKYU.h28858266
179431,도큐 스테이 후쿠오카 텐진,https://www.expedia.co.kr/Fukuoka-Hotels-Tokyu-Stay-Fukuoka-Tenjin.h31557757
189669,알라 마하이나 콘도 호텔,https://www.expedia.co.kr/Okinawa-Hotels-Ala-MAHAINA-CONDO-HOTEL.h27782202
194190,케이오 프렐리아 호텔 삿포로,https://www.expedia.co.kr/Sapporo-Hotels-KEIO-PRELIA-HOTEL-SAPPORO.h35239580
197192,할레쿨라니 오키나와,https://www.expedia.co.kr/Okinawa-Hotels-Halekulani-Okinawa.h34059175
203014,히요리 호텔 오사카 남바 스테이션,https://www.expedia.co.kr/en/Osaka-Hotels-Hiyori-Hotel-Osaka-Namba-Station.h35877791
203415,호텔한큐레스파이어오사카,https://www.expedia.co.kr/en/Osaka-Hotels-Hotel-Hankyu-RESPIRE-OSAKA.h35881577
205995,미쓰이 가든 호텔 후쿠오카 기온,https://www.expedia.co.kr/en/Fukuoka-Hotels-Mitsui-Garden-Hotel-Fukuoka-Gion.h33004945
206002,더 라이블리 후쿠오카,https://www.expedia.co.kr/en/Fukuoka-Hotels-THE-LIVELY-FUKUOKA.h33717873
212624,더 블러섬 하카타 프리미어,https://www.expedia.co.kr/en/Fukuoka-Hotels-THE-BLOSSOM-HAKATA-Premier.h35569600
215709,티마크 시티 호텔 삿포로 오도리,https://www.expedia.co.kr/en/Sapporo-Hotels-Tmark-City-Hotel-Sapporo-Odori.h39032211
215712,더 놋 삿포로,https://www.expedia.co.kr/en/Sapporo-Hotels-THE-KNOT-SAPPORO.h42259036
216043,킴튼 신주쿠 도쿄 IHG 호텔,https://www.expedia.co.kr/en/Tokyo-Hotels-Kimpton-Shinjuku-Tokyo.h42600519
216422,시타딘스 난바 오사카,https://www.expedia.co.kr/Osaka-Hotels-Citadines-Namba-Osaka.h44458626
220990,미쓰이 가든 호텔 삿포로 웨스트,https://www.expedia.co.kr/Sapporo-Hotels-Mitsui-Garden-Hotel-Sapporo-West.h42097299
340374,종크 나카스,https://www.expedia.co.kr/Fukuoka-Hotels-Zonk.h39192883
340924,시퀀스 미야시타 파크,https://www.expedia.co.kr/Tokyo-Hotels-Sequence-MIYASHITA-PARK.h46302111
716041,올 데이 플레이스 시부야,https://www.expedia.co.kr/Tokyo-Hotels-All-Day-Place-Shibuya.h72546624
800778,Hotel Oriental Express Fukuoka Tenjin,https://www.expedia.co.kr/Fukuoka-Hotels-HOTEL-ORIENTAL-EXPRESS-FUKUOKA-TENJIN.h63545898
800844,Solaria Nishitetsu Hotel Sapporo,https://www.expedia.co.kr/Sapporo-Hotels-Solaria-Nishitetsu-Hotel-Sapporo.h50580184